L_m,proposed_min,single_min,coverage_min,gain_pct
5000,19.98072777371123,20.764789737029353,23.762375552765832,3.775920552279537
8000,26.795463798845937,28.905866002710916,32.30397785018066,7.300947854899266
11000,33.658119620787666,37.13629812576807,41.00795365759022,9.365980672604987
14000,40.47046238276751,45.31910937930243,49.66412931460005,10.698901772216505
17000,47.27028872904232,53.50853806593316,58.289647512553486,11.65841856715292
20000,53.92876678166906,61.54915402835682,66.7106585047029,12.380978044274832
