L_m,proposed_min,single_min,coverage_min,gain_pct
5000,22.91975695379208,22.119392848057622,27.40011633510799,-3.6183818933562732
8000,29.95968421323031,30.423400392829517,36.08105590671572,1.5242089102850567
11000,36.82270703481892,38.81271261041486,44.69695622827432,5.1272004499421495
14000,43.61554071184425,47.12453366214607,53.40181325566605,7.44621257254055
17000,50.44947452203102,55.42620050240564,62.119851109537805,8.979013418317608
20000,57.09699788435029,63.4277937596198,70.45772680454495,9.981106861862672
