L_m,proposed_min,single_min,coverage_min,gain_pct
5000,19.454793487713815,20.30118131364291,23.009335746442183,4.16915554249201
8000,25.947699421608455,28.18817256617919,31.24475729318836,7.94827383474623
11000,32.54954107540469,36.16008260559177,39.576046542291024,9.984881864259753
14000,39.16538425507328,44.14220924529401,47.9356339264859,11.274526298774482
17000,45.847157009783274,52.149824528683965,56.31529969996789,12.085692666969639
20000,52.6051728960043,60.17684005253234,64.68628250220743,12.58236083835282
