L_m,proposed_min,single_min,coverage_min,gain_pct
5000,22.935558077283936,22.140876162193017,27.414030563589854,-3.5892071717012275
8000,30.005077581313195,30.433765149299024,36.103767944110885,1.4085919566074556
11000,36.901573181727215,38.84107385820916,44.71142861057781,4.993427018939187
14000,43.61642081465304,47.14157191991542,53.426047829956666,7.477797115571249
17000,50.45154933516515,55.43669005356247,62.13044920077423,8.992493443567291
20000,57.0993863012785,63.41401931761749,70.43903348735019,9.957787070255417
