c,capacity,M_star,aoi_at_mstar_s
1,0.0020833333333333333,4,2194.353221564183
2,0.004166666666666667,6,1621.9577862618628
3,0.00625,9,1447.8176777171852
4,0.008333333333333333,11,1349.5547508898346
6,0.0125,17,1235.0442500539589
8,0.016666666666666666,20,1197.5380984835458
12,0.025,20,1189.4213802017332
