c,capacity,M_star,aoi_at_mstar
1,0.1,2,40.93075369660975
2,0.2,4,27.315886667686765
3,0.30000000000000004,5,22.64330311041336
4,0.4,7,20.16722871311746
6,0.6000000000000001,11,17.7688290748486
8,0.8,15,16.560711906145922
12,1.2000000000000002,20,15.489720919648066
