M,K,C_tot,proposed_min,single_min,coverage_min,gain_pct
20,160,7,48.21145576213091,56.74558365272844,59.222947104441005,15.039281193801225
30,240,10,49.17976918173112,54.62491525472424,55.468891993759016,9.968246261987932
40,320,13,48.283919517966126,53.67597051848102,50.968343095151624,10.04555846579127
