sweep,value,proposed_min,single_min,gain_pct
r_c,100.0,40.757322324417274,46.35455186765053,12.074821819471403
r_c,200.0,39.77615386740645,45.089892842554804,11.78476736172983
r_c,300.0,38.94194964778843,44.00034046608277,11.496253812384822
r_c,400.0,38.104215128886516,42.97459514660675,11.333160908450813
tau_charge_min,5.0,36.07632340585904,41.75898718062558,13.608241383313663
tau_charge_min,8.0,39.77615386740645,45.089892842554804,11.78476736172983
tau_charge_min,11.428571428571427,45.07223360541978,49.603216656836956,9.134454087450102
distribution:uniform,0.0,39.77615386740645,45.089892842554804,11.78476736172983
distribution:clustered,1.0,27.324599713142927,33.807369409609116,19.175611145372294
